azureaianomalydetector,[tfm=netstandard2.0;isPrerelease=true;customSource=https://pkgs.dev.azure.com/azure-sdk/public/_packaging/azure-sdk-for-net/nuget/v3/index.json]Azure.AI.AnomalyDetector,3.0.0-alpha.20231106.1
azureaicontentsafety,[tfm=netstandard2.0;isPrerelease=true]Azure.AI.ContentSafety,1.0.0-beta.1
azureailanguageconversations,[tfm=netstandard2.0;isPrerelease=true;customSource=https://pkgs.dev.azure.com/azure-sdk/public/_packaging/azure-sdk-for-net/nuget/v3/index.json]Azure.AI.Language.Conversations,1.2.0-alpha.20231106.1
azureailanguagequestionanswering,[tfm=netstandard2.0;isPrerelease=true;customSource=https://pkgs.dev.azure.com/azure-sdk/public/_packaging/azure-sdk-for-net/nuget/v3/index.json]Azure.AI.Language.QuestionAnswering,1.2.0-alpha.20231106.1
azureaimetricsadvisor,[tfm=netstandard2.0;isPrerelease=true;customSource=https://pkgs.dev.azure.com/azure-sdk/public/_packaging/azure-sdk-for-net/nuget/v3/index.json]Azure.AI.MetricsAdvisor,1.2.0-alpha.20231106.1
azureaiopenai,[tfm=netstandard2.0;isPrerelease=true]Azure.AI.OpenAI,1.0.0-beta.8
azureaipersonalizer,[tfm=netstandard2.0;isPrerelease=true;customSource=https://pkgs.dev.azure.com/azure-sdk/public/_packaging/azure-sdk-for-net/nuget/v3/index.json]Azure.AI.Personalizer,2.0.0-alpha.20231106.1
azureaitextanalytics,[tfm=netstandard2.0;isPrerelease=true;customSource=https://pkgs.dev.azure.com/azure-sdk/public/_packaging/azure-sdk-for-net/nuget/v3/index.json]Azure.AI.TextAnalytics,5.4.0-alpha.20231106.1
azureaitranslationdocument,[tfm=netstandard2.0;isPrerelease=true;customSource=https://pkgs.dev.azure.com/azure-sdk/public/_packaging/azure-sdk-for-net/nuget/v3/index.json]Azure.AI.Translation.Document,1.1.0-alpha.20231106.1
azureaitranslationtext,[tfm=netstandard2.0;isPrerelease=true;customSource=https://pkgs.dev.azure.com/azure-sdk/public/_packaging/azure-sdk-for-net/nuget/v3/index.json]Azure.AI.Translation.Text,1.0.0-alpha.20231106.1
azureaivisioncommon,[tfm=netstandard2.0;isPrerelease=true]Azure.AI.Vision.Common,0.15.1-beta.1
azureaivisioncore,[tfm=netstandard2.0;isPrerelease=true]Azure.AI.Vision.Core,0.10.0-beta.1
azureaivisionimageanalysis,[tfm=netstandard2.0;isPrerelease=true]Azure.AI.Vision.ImageAnalysis,0.15.1-beta.1
azureanalyticspurviewaccount,[tfm=netstandard2.0;isPrerelease=true;customSource=https://pkgs.dev.azure.com/azure-sdk/public/_packaging/azure-sdk-for-net/nuget/v3/index.json]Azure.Analytics.Purview.Account,1.0.0-alpha.20231106.1
azureanalyticspurviewadministration,[tfm=netstandard2.0;isPrerelease=true;customSource=https://pkgs.dev.azure.com/azure-sdk/public/_packaging/azure-sdk-for-net/nuget/v3/index.json]Azure.Analytics.Purview.Administration,1.0.0-alpha.20231106.1
azureanalyticspurviewcatalog,[tfm=netstandard2.0;isPrerelease=true;customSource=https://pkgs.dev.azure.com/azure-sdk/public/_packaging/azure-sdk-for-net/nuget/v3/index.json]Azure.Analytics.Purview.Catalog,1.0.0-alpha.20231106.1
azureanalyticspurviewscanning,[tfm=netstandard2.0;isPrerelease=true;customSource=https://pkgs.dev.azure.com/azure-sdk/public/_packaging/azure-sdk-for-net/nuget/v3/index.json]Azure.Analytics.Purview.Scanning,1.0.0-alpha.20231106.1
azureanalyticspurviewsharing,[tfm=netstandard2.0;isPrerelease=true;customSource=https://pkgs.dev.azure.com/azure-sdk/public/_packaging/azure-sdk-for-net/nuget/v3/index.json]Azure.Analytics.Purview.Sharing,1.0.0-alpha.20231106.1
azureanalyticspurviewworkflows,[tfm=netstandard2.0;isPrerelease=true;customSource=https://pkgs.dev.azure.com/azure-sdk/public/_packaging/azure-sdk-for-net/nuget/v3/index.json]Azure.Analytics.Purview.Workflows,1.0.0-alpha.20231106.1
azureanalyticssynapseaccesscontrol,[tfm=netstandard2.0;isPrerelease=true]Azure.Analytics.Synapse.AccessControl,1.0.0-preview.5
azureanalyticssynapseartifacts,[tfm=netstandard2.0;isPrerelease=true]Azure.Analytics.Synapse.Artifacts,1.0.0-preview.19
azureanalyticssynapsemanagedprivateendpoints,[tfm=netstandard2.0;isPrerelease=true]Azure.Analytics.Synapse.ManagedPrivateEndpoints,1.0.0-beta.5
azureanalyticssynapsemonitoring,[tfm=netstandard2.0;isPrerelease=true]Azure.Analytics.Synapse.Monitoring,1.0.0-beta.3
azureanalyticssynapsespark,[tfm=netstandard2.0;isPrerelease=true]Azure.Analytics.Synapse.Spark,1.0.0-preview.8
azurecommunicationalphaids,[tfm=netstandard2.0;isPrerelease=true;customSource=https://pkgs.dev.azure.com/azure-sdk/public/_packaging/azure-sdk-for-net/nuget/v3/index.json]Azure.Communication.AlphaIds,1.0.0-alpha.20231106.1
azurecommunicationcallautomation,[tfm=netstandard2.0;isPrerelease=true;customSource=https://pkgs.dev.azure.com/azure-sdk/public/_packaging/azure-sdk-for-net/nuget/v3/index.json]Azure.Communication.CallAutomation,1.1.0-alpha.20231106.1
azurecommunicationcallingserver,[tfm=netstandard2.0;isPrerelease=true;customSource=https://pkgs.dev.azure.com/azure-sdk/public/_packaging/azure-sdk-for-net/nuget/v3/index.json]Azure.Communication.CallingServer,1.0.0-alpha.20231106.1
azurecommunicationchat,[tfm=netstandard2.0;isPrerelease=true;customSource=https://pkgs.dev.azure.com/azure-sdk/public/_packaging/azure-sdk-for-net/nuget/v3/index.json]Azure.Communication.Chat,1.2.0-alpha.20231106.1
azurecommunicationcommon,[tfm=netstandard2.0;isPrerelease=true;customSource=https://pkgs.dev.azure.com/azure-sdk/public/_packaging/azure-sdk-for-net/nuget/v3/index.json]Azure.Communication.Common,2.0.0-alpha.20231106.1
azurecommunicationemail,[tfm=netstandard2.0;isPrerelease=true;customSource=https://pkgs.dev.azure.com/azure-sdk/public/_packaging/azure-sdk-for-net/nuget/v3/index.json]Azure.Communication.Email,1.1.0-alpha.20231106.1
azurecommunicationidentity,[tfm=netstandard2.0;isPrerelease=true;customSource=https://pkgs.dev.azure.com/azure-sdk/public/_packaging/azure-sdk-for-net/nuget/v3/index.json]Azure.Communication.Identity,1.3.0-alpha.20231106.1
azurecommunicationjobrouter,[tfm=netstandard2.0;isPrerelease=true;customSource=https://pkgs.dev.azure.com/azure-sdk/public/_packaging/azure-sdk-for-net/nuget/v3/index.json]Azure.Communication.JobRouter,1.0.0-alpha.20231106.1
azurecommunicationmediacomposition,[tfm=netstandard2.0;isPrerelease=true;customSource=https://pkgs.dev.azure.com/azure-sdk/public/_packaging/azure-sdk-for-net/nuget/v3/index.json]Azure.Communication.MediaComposition,1.0.0-alpha.20231106.1
azurecommunicationmessages,[tfm=netstandard2.0;isPrerelease=true;customSource=https://pkgs.dev.azure.com/azure-sdk/public/_packaging/azure-sdk-for-net/nuget/v3/index.json]Azure.Communication.Messages,1.0.0-alpha.20231106.1
azurecommunicationnetworktraversal,[tfm=netstandard2.0;isPrerelease=true;customSource=https://pkgs.dev.azure.com/azure-sdk/public/_packaging/azure-sdk-for-net/nuget/v3/index.json]Azure.Communication.NetworkTraversal,1.1.0-alpha.20231106.1
azurecommunicationphonenumbers,[tfm=netstandard2.0;isPrerelease=true;customSource=https://pkgs.dev.azure.com/azure-sdk/public/_packaging/azure-sdk-for-net/nuget/v3/index.json]Azure.Communication.PhoneNumbers,1.2.0-alpha.20231106.1
azurecommunicationrooms,[tfm=netstandard2.0;isPrerelease=true;customSource=https://pkgs.dev.azure.com/azure-sdk/public/_packaging/azure-sdk-for-net/nuget/v3/index.json]Azure.Communication.Rooms,1.1.0-alpha.20231106.1
azurecommunicationshortcodes,[tfm=netstandard2.0;isPrerelease=true;customSource=https://pkgs.dev.azure.com/azure-sdk/public/_packaging/azure-sdk-for-net/nuget/v3/index.json]Azure.Communication.ShortCodes,1.0.0-alpha.20231106.1
azurecommunicationsms,[tfm=netstandard2.0;isPrerelease=true;customSource=https://pkgs.dev.azure.com/azure-sdk/public/_packaging/azure-sdk-for-net/nuget/v3/index.json]Azure.Communication.Sms,1.0.2-alpha.20231106.1
azurecontainerscontainerregistry,[tfm=netstandard2.0;isPrerelease=true;customSource=https://pkgs.dev.azure.com/azure-sdk/public/_packaging/azure-sdk-for-net/nuget/v3/index.json]Azure.Containers.ContainerRegistry,1.2.0-alpha.20231106.1
azurecore,[tfm=netstandard2.0;isPrerelease=true;customSource=https://pkgs.dev.azure.com/azure-sdk/public/_packaging/azure-sdk-for-net/nuget/v3/index.json]Azure.Core,1.36.0-alpha.20231106.1
azurecoreamqp,[tfm=netstandard2.0;isPrerelease=true;customSource=https://pkgs.dev.azure.com/azure-sdk/public/_packaging/azure-sdk-for-net/nuget/v3/index.json]Azure.Core.Amqp,1.4.0-alpha.20231106.1
azurecoreexperimental,[tfm=netstandard2.0;isPrerelease=true;customSource=https://pkgs.dev.azure.com/azure-sdk/public/_packaging/azure-sdk-for-net/nuget/v3/index.json]Azure.Core.Experimental,0.1.0-alpha.20231106.1
azurecoreexpressionsdatafactory,[tfm=netstandard2.0;isPrerelease=true;customSource=https://pkgs.dev.azure.com/azure-sdk/public/_packaging/azure-sdk-for-net/nuget/v3/index.json]Azure.Core.Expressions.DataFactory,1.0.0-alpha.20231106.1
azurecosmos,[tfm=netstandard2.0;isPrerelease=true]Azure.Cosmos,4.0.0-preview3
azuredataappconfiguration,[tfm=netstandard2.0;isPrerelease=true;customSource=https://pkgs.dev.azure.com/azure-sdk/public/_packaging/azure-sdk-for-net/nuget/v3/index.json]Azure.Data.AppConfiguration,1.3.0-alpha.20231106.1
azuredataschemaregistry,[tfm=netstandard2.0;isPrerelease=true]Azure.Data.SchemaRegistry,1.4.0-beta.2
azuredatatables,[tfm=netstandard2.0;isPrerelease=true;customSource=https://pkgs.dev.azure.com/azure-sdk/public/_packaging/azure-sdk-for-net/nuget/v3/index.json]Azure.Data.Tables,12.8.2-alpha.20231106.1
azuredeveloperdevcenter,[tfm=netstandard2.0;isPrerelease=true;customSource=https://pkgs.dev.azure.com/azure-sdk/public/_packaging/azure-sdk-for-net/nuget/v3/index.json]Azure.Developer.DevCenter,1.0.0-alpha.20231106.1
azuredigitaltwinscore,[tfm=netstandard2.0;isPrerelease=true;customSource=https://pkgs.dev.azure.com/azure-sdk/public/_packaging/azure-sdk-for-net/nuget/v3/index.json]Azure.DigitalTwins.Core,1.5.0-alpha.20231106.1
azurehealthinsightscancerprofiling,[tfm=netstandard2.0;isPrerelease=true;customSource=https://pkgs.dev.azure.com/azure-sdk/public/_packaging/azure-sdk-for-net/nuget/v3/index.json]Azure.Health.Insights.CancerProfiling,1.0.0-alpha.20231106.1
azurehealthinsightsclinicalmatching,[tfm=netstandard2.0;isPrerelease=true;customSource=https://pkgs.dev.azure.com/azure-sdk/public/_packaging/azure-sdk-for-net/nuget/v3/index.json]Azure.Health.Insights.ClinicalMatching,1.0.0-alpha.20231106.1
azureidentity,[tfm=netstandard2.0;isPrerelease=true;customSource=https://pkgs.dev.azure.com/azure-sdk/public/_packaging/azure-sdk-for-net/nuget/v3/index.json]Azure.Identity,1.11.0-alpha.20231106.1
azureidentitybroker,[tfm=netstandard2.0;isPrerelease=true;customSource=https://pkgs.dev.azure.com/azure-sdk/public/_packaging/azure-sdk-for-net/nuget/v3/index.json]Azure.Identity.Broker,1.0.0-alpha.20231106.1
azureiotdeviceupdate,[tfm=netstandard2.0;isPrerelease=true;customSource=https://pkgs.dev.azure.com/azure-sdk/public/_packaging/azure-sdk-for-net/nuget/v3/index.json]Azure.IoT.DeviceUpdate,1.1.0-alpha.20231106.1
azureiotmodelsrepository,[tfm=netstandard2.0;isPrerelease=true]Azure.IoT.ModelsRepository,1.0.0-preview.5
azureiottimeseriesinsights,[tfm=netstandard2.0;isPrerelease=true;customSource=https://pkgs.dev.azure.com/azure-sdk/public/_packaging/azure-sdk-for-net/nuget/v3/index.json]Azure.IoT.TimeSeriesInsights,1.0.0-alpha.20231106.1
azuremapscommon,[tfm=netstandard2.0;isPrerelease=true]Azure.Maps.Common,1.0.0-beta.4
azuremapsgeolocation,[tfm=netstandard2.0;isPrerelease=true]Azure.Maps.Geolocation,1.0.0-beta.2
azuremapsrendering,[tfm=netstandard2.0;isPrerelease=true]Azure.Maps.Rendering,1.0.0-beta.2
azuremapsrouting,[tfm=netstandard2.0;isPrerelease=true]Azure.Maps.Routing,1.0.0-beta.2
azuremapssearch,[tfm=netstandard2.0;isPrerelease=true]Azure.Maps.Search,1.0.0-beta.4
azuremediaanalyticsedge,[tfm=netstandard2.0;isPrerelease=true]Azure.Media.Analytics.Edge,1.0.0-beta.1
azuremediavideoanalyzeredge,[tfm=netstandard2.0;isPrerelease=true]Azure.Media.VideoAnalyzer.Edge,1.0.0-beta.6
azuremessagingeventgrid,[tfm=netstandard2.0;isPrerelease=true;customSource=https://pkgs.dev.azure.com/azure-sdk/public/_packaging/azure-sdk-for-net/nuget/v3/index.json]Azure.Messaging.EventGrid,4.21.0-alpha.20231106.1
azuremessagingeventhubs,[tfm=netstandard2.0;isPrerelease=true;customSource=https://pkgs.dev.azure.com/azure-sdk/public/_packaging/azure-sdk-for-net/nuget/v3/index.json]Azure.Messaging.EventHubs,5.10.0-alpha.20231106.1
azuremessagingeventhubsprocessor,[tfm=netstandard2.0;isPrerelease=true;customSource=https://pkgs.dev.azure.com/azure-sdk/public/_packaging/azure-sdk-for-net/nuget/v3/index.json]Azure.Messaging.EventHubs.Processor,5.10.0-alpha.20231106.1
azuremessagingservicebus,[tfm=netstandard2.0;isPrerelease=true;customSource=https://pkgs.dev.azure.com/azure-sdk/public/_packaging/azure-sdk-for-net/nuget/v3/index.json]Azure.Messaging.ServiceBus,7.17.0-alpha.20231106.1
azuremessagingwebpubsubclient,[tfm=netstandard2.0;isPrerelease=true]Azure.Messaging.WebPubSub.Client,1.0.0-beta.2
azuremixedrealityauthentication,[tfm=netstandard2.0;isPrerelease=true;customSource=https://pkgs.dev.azure.com/azure-sdk/public/_packaging/azure-sdk-for-net/nuget/v3/index.json]Azure.MixedReality.Authentication,1.3.0-alpha.20231106.1
azuremixedrealityobjectanchorsconversion,[tfm=netstandard2.0;isPrerelease=true;customSource=https://pkgs.dev.azure.com/azure-sdk/public/_packaging/azure-sdk-for-net/nuget/v3/index.json]Azure.MixedReality.ObjectAnchors.Conversion,0.3.0-alpha.20231106.1
azuremixedrealityremoterendering,[tfm=netstandard2.0;isPrerelease=true;customSource=https://pkgs.dev.azure.com/azure-sdk/public/_packaging/azure-sdk-for-net/nuget/v3/index.json]Azure.MixedReality.RemoteRendering,1.2.1-alpha.20231106.1
azuremonitoringestion,[tfm=netstandard2.0;isPrerelease=true]Azure.Monitor.Ingestion,1.1.0-beta.1
azuremonitoropentelemetryaspnetcore,[tfm=netstandard2.0;isPrerelease=true]Azure.Monitor.OpenTelemetry.AspNetCore,1.0.0-beta.8
azuremonitorquery,[tfm=netstandard2.0;isPrerelease=true]Azure.Monitor.Query,1.3.0-beta.1
azurequantumjobs,[tfm=netstandard2.0;isPrerelease=true;customSource=https://pkgs.dev.azure.com/azure-sdk/public/_packaging/azure-sdk-for-net/nuget/v3/index.json]Azure.Quantum.Jobs,1.0.0-alpha.20231106.1
azureresourcemanager,[tfm=netstandard2.0;isPrerelease=true;customSource=https://pkgs.dev.azure.com/azure-sdk/public/_packaging/azure-sdk-for-net/nuget/v3/index.json]Azure.ResourceManager,1.9.0-alpha.20231106.1
azureresourcemanageradvisor,[tfm=netstandard2.0;isPrerelease=true;customSource=https://pkgs.dev.azure.com/azure-sdk/public/_packaging/azure-sdk-for-net/nuget/v3/index.json]Azure.ResourceManager.Advisor,1.0.0-alpha.20231106.1
azureresourcemanageragfoodplatform,[tfm=netstandard2.0;isPrerelease=true;customSource=https://pkgs.dev.azure.com/azure-sdk/public/_packaging/azure-sdk-for-net/nuget/v3/index.json]Azure.ResourceManager.AgFoodPlatform,1.0.0-alpha.20231106.1
azureresourcemanageralertsmanagement,[tfm=netstandard2.0;isPrerelease=true;customSource=https://pkgs.dev.azure.com/azure-sdk/public/_packaging/azure-sdk-for-net/nuget/v3/index.json]Azure.ResourceManager.AlertsManagement,1.1.0-alpha.20231106.1
azureresourcemanageranalysis,[tfm=netstandard2.0;isPrerelease=true]Azure.ResourceManager.Analysis,1.1.0-beta.1
azureresourcemanagerapicenter,[tfm=netstandard2.0;isPrerelease=true]Azure.ResourceManager.ApiCenter,1.0.0-beta.1
azureresourcemanagerapimanagement,[tfm=netstandard2.0;isPrerelease=true;customSource=https://pkgs.dev.azure.com/azure-sdk/public/_packaging/azure-sdk-for-net/nuget/v3/index.json]Azure.ResourceManager.ApiManagement,1.1.0-alpha.20231106.1
azureresourcemanagerappcomplianceautomation,[tfm=netstandard2.0;isPrerelease=true]Azure.ResourceManager.AppComplianceAutomation,1.0.0-beta.3
azureresourcemanagerappconfiguration,[tfm=netstandard2.0;isPrerelease=true;customSource=https://pkgs.dev.azure.com/azure-sdk/public/_packaging/azure-sdk-for-net/nuget/v3/index.json]Azure.ResourceManager.AppConfiguration,1.1.0-alpha.20231106.1
azureresourcemanagerappcontainers,[tfm=netstandard2.0;isPrerelease=true;customSource=https://pkgs.dev.azure.com/azure-sdk/public/_packaging/azure-sdk-for-net/nuget/v3/index.json]Azure.ResourceManager.AppContainers,1.2.0-alpha.20231106.1
azureresourcemanagerapplicationinsights,[tfm=netstandard2.0;isPrerelease=true;customSource=https://pkgs.dev.azure.com/azure-sdk/public/_packaging/azure-sdk-for-net/nuget/v3/index.json]Azure.ResourceManager.ApplicationInsights,1.0.0-alpha.20231106.1
azureresourcemanagerapplicationscontainers,[tfm=netstandard2.0;isPrerelease=true]Azure.ResourceManager.Applications.Containers,1.0.0-beta.1
azureresourcemanagerappplatform,[tfm=netstandard2.0;isPrerelease=true;customSource=https://pkgs.dev.azure.com/azure-sdk/public/_packaging/azure-sdk-for-net/nuget/v3/index.json]Azure.ResourceManager.AppPlatform,1.1.0-alpha.20231106.1
azureresourcemanagerappservice,[tfm=netstandard2.0;isPrerelease=true]Azure.ResourceManager.AppService,1.1.0-beta.3
azureresourcemanagerarcscvmm,[tfm=netstandard2.0;isPrerelease=true]Azure.ResourceManager.ArcScVmm,1.0.0-beta.3
azureresourcemanagerattestation,[tfm=netstandard2.0;isPrerelease=true;customSource=https://pkgs.dev.azure.com/azure-sdk/public/_packaging/azure-sdk-for-net/nuget/v3/index.json]Azure.ResourceManager.Attestation,1.0.0-alpha.20231106.1
azureresourcemanagerauthorization,[tfm=netstandard2.0;isPrerelease=true;customSource=https://pkgs.dev.azure.com/azure-sdk/public/_packaging/azure-sdk-for-net/nuget/v3/index.json]Azure.ResourceManager.Authorization,1.1.0-alpha.20231106.1
azureresourcemanagerautomanage,[tfm=netstandard2.0;isPrerelease=true;customSource=https://pkgs.dev.azure.com/azure-sdk/public/_packaging/azure-sdk-for-net/nuget/v3/index.json]Azure.ResourceManager.Automanage,1.1.0-alpha.20231106.1
azureresourcemanagerautomation,[tfm=netstandard2.0;isPrerelease=true]Azure.ResourceManager.Automation,1.1.0-beta.1
azureresourcemanageravs,[tfm=netstandard2.0;isPrerelease=true;customSource=https://pkgs.dev.azure.com/azure-sdk/public/_packaging/azure-sdk-for-net/nuget/v3/index.json]Azure.ResourceManager.Avs,1.2.0-alpha.20231106.1
azureresourcemanagerbatch,[tfm=netstandard2.0;isPrerelease=true;customSource=https://pkgs.dev.azure.com/azure-sdk/public/_packaging/azure-sdk-for-net/nuget/v3/index.json]Azure.ResourceManager.Batch,1.3.0-alpha.20231106.1
azureresourcemanagerbilling,[tfm=netstandard2.0;isPrerelease=true;customSource=https://pkgs.dev.azure.com/azure-sdk/public/_packaging/azure-sdk-for-net/nuget/v3/index.json]Azure.ResourceManager.Billing,1.1.0-alpha.20231106.1
azureresourcemanagerbillingbenefits,[tfm=netstandard2.0;isPrerelease=true]Azure.ResourceManager.BillingBenefits,1.0.0-beta.2
azureresourcemanagerblueprint,[tfm=netstandard2.0;isPrerelease=true;customSource=https://pkgs.dev.azure.com/azure-sdk/public/_packaging/azure-sdk-for-net/nuget/v3/index.json]Azure.ResourceManager.Blueprint,1.0.0-alpha.20231106.1
azureresourcemanagerbotservice,[tfm=netstandard2.0;isPrerelease=true;customSource=https://pkgs.dev.azure.com/azure-sdk/public/_packaging/azure-sdk-for-net/nuget/v3/index.json]Azure.ResourceManager.BotService,1.1.0-alpha.20231106.1
azureresourcemanagercdn,[tfm=netstandard2.0;isPrerelease=true;customSource=https://pkgs.dev.azure.com/azure-sdk/public/_packaging/azure-sdk-for-net/nuget/v3/index.json]Azure.ResourceManager.Cdn,1.2.0-alpha.20231106.1
azureresourcemanagerchangeanalysis,[tfm=netstandard2.0;isPrerelease=true;customSource=https://pkgs.dev.azure.com/azure-sdk/public/_packaging/azure-sdk-for-net/nuget/v3/index.json]Azure.ResourceManager.ChangeAnalysis,1.1.0-alpha.20231106.1
azureresourcemanagerchaos,[tfm=netstandard2.0;isPrerelease=true;customSource=https://pkgs.dev.azure.com/azure-sdk/public/_packaging/azure-sdk-for-net/nuget/v3/index.json]Azure.ResourceManager.Chaos,1.0.0-alpha.20231106.1
azureresourcemanagercommunication,[tfm=netstandard2.0;isPrerelease=true]Azure.ResourceManager.Communication,1.2.0-beta.2
azureresourcemanagercompute,[tfm=netstandard2.0;isPrerelease=true;customSource=https://pkgs.dev.azure.com/azure-sdk/public/_packaging/azure-sdk-for-net/nuget/v3/index.json]Azure.ResourceManager.Compute,1.3.0-alpha.20231106.1
azureresourcemanagerconfidentialledger,[tfm=netstandard2.0;isPrerelease=true]Azure.ResourceManager.ConfidentialLedger,1.1.0-beta.2
azureresourcemanagerconfluent,[tfm=netstandard2.0;isPrerelease=true;customSource=https://pkgs.dev.azure.com/azure-sdk/public/_packaging/azure-sdk-for-net/nuget/v3/index.json]Azure.ResourceManager.Confluent,1.1.0-alpha.20231106.1
azureresourcemanagerconnectedvmwarevsphere,[tfm=netstandard2.0;isPrerelease=true;customSource=https://pkgs.dev.azure.com/azure-sdk/public/_packaging/azure-sdk-for-net/nuget/v3/index.json]Azure.ResourceManager.ConnectedVMwarevSphere,1.0.0-alpha.20231106.1
azureresourcemanagerconsumption,[tfm=netstandard2.0;isPrerelease=true;customSource=https://pkgs.dev.azure.com/azure-sdk/public/_packaging/azure-sdk-for-net/nuget/v3/index.json]Azure.ResourceManager.Consumption,1.1.0-alpha.20231106.1
azureresourcemanagercontainerinstance,[tfm=netstandard2.0;isPrerelease=true;customSource=https://pkgs.dev.azure.com/azure-sdk/public/_packaging/azure-sdk-for-net/nuget/v3/index.json]Azure.ResourceManager.ContainerInstance,1.2.0-alpha.20231106.1
azureresourcemanagercontainerregistry,[tfm=netstandard2.0;isPrerelease=true;customSource=https://pkgs.dev.azure.com/azure-sdk/public/_packaging/azure-sdk-for-net/nuget/v3/index.json]Azure.ResourceManager.ContainerRegistry,1.2.0-alpha.20231106.1
azureresourcemanagercontainerservice,[tfm=netstandard2.0;isPrerelease=true;customSource=https://pkgs.dev.azure.com/azure-sdk/public/_packaging/azure-sdk-for-net/nuget/v3/index.json]Azure.ResourceManager.ContainerService,1.2.0-alpha.20231106.1
azureresourcemanagercontainerservicefleet,[tfm=netstandard2.0;isPrerelease=true]Azure.ResourceManager.ContainerServiceFleet,1.0.0-beta.3
azureresourcemanagercosmosdb,[tfm=netstandard2.0;isPrerelease=true;customSource=https://pkgs.dev.azure.com/azure-sdk/public/_packaging/azure-sdk-for-net/nuget/v3/index.json]Azure.ResourceManager.CosmosDB,1.4.0-alpha.20231106.1
azureresourcemanagercosmosdbforpostgresql,[tfm=netstandard2.0;isPrerelease=true;customSource=https://pkgs.dev.azure.com/azure-sdk/public/_packaging/azure-sdk-for-net/nuget/v3/index.json]Azure.ResourceManager.CosmosDBForPostgreSql,1.1.0-alpha.20231106.1
azureresourcemanagercostmanagement,[tfm=netstandard2.0;isPrerelease=true;customSource=https://pkgs.dev.azure.com/azure-sdk/public/_packaging/azure-sdk-for-net/nuget/v3/index.json]Azure.ResourceManager.CostManagement,1.1.0-alpha.20231106.1
azureresourcemanagercustomerinsights,[tfm=netstandard2.0;isPrerelease=true;customSource=https://pkgs.dev.azure.com/azure-sdk/public/_packaging/azure-sdk-for-net/nuget/v3/index.json]Azure.ResourceManager.CustomerInsights,1.0.0-alpha.20231106.1
azureresourcemanagerdatabasefleetmanager,[tfm=netstandard2.0;isPrerelease=true]Azure.ResourceManager.DatabaseFleetManager,1.0.0-beta.1
azureresourcemanagerdataboxedge,[tfm=netstandard2.0;isPrerelease=true;customSource=https://pkgs.dev.azure.com/azure-sdk/public/_packaging/azure-sdk-for-net/nuget/v3/index.json]Azure.ResourceManager.DataBoxEdge,1.1.0-alpha.20231106.1
azureresourcemanagerdatadog,[tfm=netstandard2.0;isPrerelease=true;customSource=https://pkgs.dev.azure.com/azure-sdk/public/_packaging/azure-sdk-for-net/nuget/v3/index.json]Azure.ResourceManager.Datadog,1.0.0-alpha.20231106.1
azureresourcemanagerdatafactory,[tfm=netstandard2.0;isPrerelease=true;customSource=https://pkgs.dev.azure.com/azure-sdk/public/_packaging/azure-sdk-for-net/nuget/v3/index.json]Azure.ResourceManager.DataFactory,1.0.0-alpha.20231106.1
azureresourcemanagerdatalakeanalytics,[tfm=netstandard2.0;isPrerelease=true;customSource=https://pkgs.dev.azure.com/azure-sdk/public/_packaging/azure-sdk-for-net/nuget/v3/index.json]Azure.ResourceManager.DataLakeAnalytics,1.1.0-alpha.20231106.1
azureresourcemanagerdatalakestore,[tfm=netstandard2.0;isPrerelease=true;customSource=https://pkgs.dev.azure.com/azure-sdk/public/_packaging/azure-sdk-for-net/nuget/v3/index.json]Azure.ResourceManager.DataLakeStore,1.1.0-alpha.20231106.1
azureresourcemanagerdatamigration,[tfm=netstandard2.0;isPrerelease=true]Azure.ResourceManager.DataMigration,1.0.0-beta.3
azureresourcemanagerdataprotectionbackup,[tfm=netstandard2.0;isPrerelease=true;customSource=https://pkgs.dev.azure.com/azure-sdk/public/_packaging/azure-sdk-for-net/nuget/v3/index.json]Azure.ResourceManager.DataProtectionBackup,1.3.0-alpha.20231106.1
azureresourcemanagerdatashare,[tfm=netstandard2.0;isPrerelease=true;customSource=https://pkgs.dev.azure.com/azure-sdk/public/_packaging/azure-sdk-for-net/nuget/v3/index.json]Azure.ResourceManager.DataShare,1.1.0-alpha.20231106.1
azureresourcemanagerdefendereasm,[tfm=netstandard2.0;isPrerelease=true;customSource=https://pkgs.dev.azure.com/azure-sdk/public/_packaging/azure-sdk-for-net/nuget/v3/index.json]Azure.ResourceManager.DefenderEasm,1.0.0-alpha.20231106.1
azureresourcemanagerdeploymentmanager,[tfm=netstandard2.0;isPrerelease=true]Azure.ResourceManager.DeploymentManager,1.0.0-beta.3
azureresourcemanagerdesktopvirtualization,[tfm=netstandard2.0;isPrerelease=true;customSource=https://pkgs.dev.azure.com/azure-sdk/public/_packaging/azure-sdk-for-net/nuget/v3/index.json]Azure.ResourceManager.DesktopVirtualization,1.3.0-alpha.20231106.1
azureresourcemanagerdevcenter,[tfm=netstandard2.0;isPrerelease=true;customSource=https://pkgs.dev.azure.com/azure-sdk/public/_packaging/azure-sdk-for-net/nuget/v3/index.json]Azure.ResourceManager.DevCenter,1.1.0-alpha.20231106.1
azureresourcemanagerdeviceprovisioningservices,[tfm=netstandard2.0;isPrerelease=true;customSource=https://pkgs.dev.azure.com/azure-sdk/public/_packaging/azure-sdk-for-net/nuget/v3/index.json]Azure.ResourceManager.DeviceProvisioningServices,1.2.0-alpha.20231106.1
azureresourcemanagerdeviceupdate,[tfm=netstandard2.0;isPrerelease=true]Azure.ResourceManager.DeviceUpdate,1.0.0-beta.9
azureresourcemanagerdevspaces,[tfm=netstandard2.0;isPrerelease=true]Azure.ResourceManager.DevSpaces,1.0.0-beta.3
azureresourcemanagerdevtestlabs,[tfm=netstandard2.0;isPrerelease=true]Azure.ResourceManager.DevTestLabs,1.1.0-beta.1
azureresourcemanagerdigitaltwins,[tfm=netstandard2.0;isPrerelease=true]Azure.ResourceManager.DigitalTwins,1.3.0-beta.1
azureresourcemanagerdns,[tfm=netstandard2.0;isPrerelease=true;customSource=https://pkgs.dev.azure.com/azure-sdk/public/_packaging/azure-sdk-for-net/nuget/v3/index.json]Azure.ResourceManager.Dns,1.1.0-alpha.20231106.1
azureresourcemanagerdnsresolver,[tfm=netstandard2.0;isPrerelease=true;customSource=https://pkgs.dev.azure.com/azure-sdk/public/_packaging/azure-sdk-for-net/nuget/v3/index.json]Azure.ResourceManager.DnsResolver,1.1.0-alpha.20231106.1
azureresourcemanagerdynatrace,[tfm=netstandard2.0;isPrerelease=true;customSource=https://pkgs.dev.azure.com/azure-sdk/public/_packaging/azure-sdk-for-net/nuget/v3/index.json]Azure.ResourceManager.Dynatrace,1.1.0-alpha.20231106.1
azureresourcemanageredgeorder,[tfm=netstandard2.0;isPrerelease=true;customSource=https://pkgs.dev.azure.com/azure-sdk/public/_packaging/azure-sdk-for-net/nuget/v3/index.json]Azure.ResourceManager.EdgeOrder,1.1.0-alpha.20231106.1
azureresourcemanagerelastic,[tfm=netstandard2.0;isPrerelease=true]Azure.ResourceManager.Elastic,1.0.0-beta.3
azureresourcemanagerelasticsan,[tfm=netstandard2.0;isPrerelease=true;customSource=https://pkgs.dev.azure.com/azure-sdk/public/_packaging/azure-sdk-for-net/nuget/v3/index.json]Azure.ResourceManager.ElasticSan,1.0.0-alpha.20231106.1
azureresourcemanagerenergyservices,[tfm=netstandard2.0;isPrerelease=true;customSource=https://pkgs.dev.azure.com/azure-sdk/public/_packaging/azure-sdk-for-net/nuget/v3/index.json]Azure.ResourceManager.EnergyServices,1.0.0-alpha.20231106.1
azureresourcemanagereventgrid,[tfm=netstandard2.0;isPrerelease=true]Azure.ResourceManager.EventGrid,1.1.0-beta.2
azureresourcemanagereventhubs,[tfm=netstandard2.0;isPrerelease=true;customSource=https://pkgs.dev.azure.com/azure-sdk/public/_packaging/azure-sdk-for-net/nuget/v3/index.json]Azure.ResourceManager.EventHubs,1.1.0-alpha.20231106.1
azureresourcemanagerextendedlocation,[tfm=netstandard2.0;isPrerelease=true]Azure.ResourceManager.ExtendedLocation,1.0.0-beta.2
azureresourcemanagerextendedlocations,[tfm=netstandard2.0;isPrerelease=true;customSource=https://pkgs.dev.azure.com/azure-sdk/public/_packaging/azure-sdk-for-net/nuget/v3/index.json]Azure.ResourceManager.ExtendedLocations,1.1.0-alpha.20231106.1
azureresourcemanagerfluidrelay,[tfm=netstandard2.0;isPrerelease=true;customSource=https://pkgs.dev.azure.com/azure-sdk/public/_packaging/azure-sdk-for-net/nuget/v3/index.json]Azure.ResourceManager.FluidRelay,1.1.0-alpha.20231106.1
azureresourcemanagerfrontdoor,[tfm=netstandard2.0;isPrerelease=true;customSource=https://pkgs.dev.azure.com/azure-sdk/public/_packaging/azure-sdk-for-net/nuget/v3/index.json]Azure.ResourceManager.FrontDoor,1.2.0-alpha.20231106.1
azureresourcemanagergrafana,[tfm=netstandard2.0;isPrerelease=true]Azure.ResourceManager.Grafana,1.1.0-beta.1
azureresourcemanagergraphservices,[tfm=netstandard2.0;isPrerelease=true;customSource=https://pkgs.dev.azure.com/azure-sdk/public/_packaging/azure-sdk-for-net/nuget/v3/index.json]Azure.ResourceManager.GraphServices,1.1.0-alpha.20231106.1
azureresourcemanagerguestconfiguration,[tfm=netstandard2.0;isPrerelease=true;customSource=https://pkgs.dev.azure.com/azure-sdk/public/_packaging/azure-sdk-for-net/nuget/v3/index.json]Azure.ResourceManager.GuestConfiguration,1.1.0-alpha.20231106.1
azureresourcemanagerhardwaresecuritymodules,[tfm=netstandard2.0;isPrerelease=true]Azure.ResourceManager.HardwareSecurityModules,1.0.0-beta.1
azureresourcemanagerhdinsight,[tfm=netstandard2.0;isPrerelease=true;customSource=https://pkgs.dev.azure.com/azure-sdk/public/_packaging/azure-sdk-for-net/nuget/v3/index.json]Azure.ResourceManager.HDInsight,1.2.0-alpha.20231106.1
azureresourcemanagerhdinsightcontainers,[tfm=netstandard2.0;isPrerelease=true;customSource=https://pkgs.dev.azure.com/azure-sdk/public/_packaging/azure-sdk-for-net/nuget/v3/index.json]Azure.ResourceManager.HDInsight.Containers,1.0.0-alpha.20231106.1
azureresourcemanagerhealthbot,[tfm=netstandard2.0;isPrerelease=true;customSource=https://pkgs.dev.azure.com/azure-sdk/public/_packaging/azure-sdk-for-net/nuget/v3/index.json]Azure.ResourceManager.HealthBot,1.1.0-alpha.20231106.1
azureresourcemanagerhealthcareapis,[tfm=netstandard2.0;isPrerelease=true;customSource=https://pkgs.dev.azure.com/azure-sdk/public/_packaging/azure-sdk-for-net/nuget/v3/index.json]Azure.ResourceManager.HealthcareApis,1.1.0-alpha.20231106.1
azureresourcemanagerhybridcompute,[tfm=netstandard2.0;isPrerelease=true]Azure.ResourceManager.HybridCompute,1.0.0-beta.5
azureresourcemanagerhybridconnectivity,[tfm=netstandard2.0;isPrerelease=true;customSource=https://pkgs.dev.azure.com/azure-sdk/public/_packaging/azure-sdk-for-net/nuget/v3/index.json]Azure.ResourceManager.HybridConnectivity,1.0.0-alpha.20231106.1
azureresourcemanagerhybridcontainerservice,[tfm=netstandard2.0;isPrerelease=true;customSource=https://pkgs.dev.azure.com/azure-sdk/public/_packaging/azure-sdk-for-net/nuget/v3/index.json]Azure.ResourceManager.HybridContainerService,1.0.0-alpha.20231106.1
azureresourcemanagerhybridnetwork,[tfm=netstandard2.0;isPrerelease=true]Azure.ResourceManager.HybridNetwork,1.0.0-beta.1
azureresourcemanageriotcentral,[tfm=netstandard2.0;isPrerelease=true;customSource=https://pkgs.dev.azure.com/azure-sdk/public/_packaging/azure-sdk-for-net/nuget/v3/index.json]Azure.ResourceManager.IotCentral,1.1.0-alpha.20231106.1
azureresourcemanageriotfirmwaredefense,[tfm=netstandard2.0;isPrerelease=true;customSource=https://pkgs.dev.azure.com/azure-sdk/public/_packaging/azure-sdk-for-net/nuget/v3/index.json]Azure.ResourceManager.IotFirmwareDefense,1.0.0-alpha.20231106.1
azureresourcemanagerkeyvault,[tfm=netstandard2.0;isPrerelease=true;customSource=https://pkgs.dev.azure.com/azure-sdk/public/_packaging/azure-sdk-for-net/nuget/v3/index.json]Azure.ResourceManager.KeyVault,1.2.0-alpha.20231106.1
azureresourcemanagerkubernetes,[tfm=netstandard2.0;isPrerelease=true]Azure.ResourceManager.Kubernetes,1.0.0-beta.3
azureresourcemanagerkubernetesconfiguration,[tfm=netstandard2.0;isPrerelease=true]Azure.ResourceManager.KubernetesConfiguration,1.2.0-beta.1
azureresourcemanagerkusto,[tfm=netstandard2.0;isPrerelease=true;customSource=https://pkgs.dev.azure.com/azure-sdk/public/_packaging/azure-sdk-for-net/nuget/v3/index.json]Azure.ResourceManager.Kusto,1.6.0-alpha.20231106.1
azureresourcemanagerlabservices,[tfm=netstandard2.0;isPrerelease=true;customSource=https://pkgs.dev.azure.com/azure-sdk/public/_packaging/azure-sdk-for-net/nuget/v3/index.json]Azure.ResourceManager.LabServices,1.1.0-alpha.20231106.1
azureresourcemanagerloadtesting,[tfm=netstandard2.0;isPrerelease=true]Azure.ResourceManager.LoadTesting,1.1.0-beta.1
azureresourcemanagerlogic,[tfm=netstandard2.0;isPrerelease=true;customSource=https://pkgs.dev.azure.com/azure-sdk/public/_packaging/azure-sdk-for-net/nuget/v3/index.json]Azure.ResourceManager.Logic,1.1.0-alpha.20231106.1
azureresourcemanagermachinelearning,[tfm=netstandard2.0;isPrerelease=true]Azure.ResourceManager.MachineLearning,1.2.0-beta.2
azureresourcemanagermachinelearningcompute,[tfm=netstandard2.0;isPrerelease=true]Azure.ResourceManager.MachineLearningCompute,1.0.0-beta.3
azureresourcemanagermaintenance,[tfm=netstandard2.0;isPrerelease=true]Azure.ResourceManager.Maintenance,1.2.0-beta.5
azureresourcemanagermanagednetwork,[tfm=netstandard2.0;isPrerelease=true]Azure.ResourceManager.ManagedNetwork,1.0.0-beta.3
azureresourcemanagermanagednetworkfabric,[tfm=netstandard2.0;isPrerelease=true;customSource=https://pkgs.dev.azure.com/azure-sdk/public/_packaging/azure-sdk-for-net/nuget/v3/index.json]Azure.ResourceManager.ManagedNetworkFabric,1.2.0-alpha.20231106.1
azureresourcemanagermanagedserviceidentities,[tfm=netstandard2.0;isPrerelease=true;customSource=https://pkgs.dev.azure.com/azure-sdk/public/_packaging/azure-sdk-for-net/nuget/v3/index.json]Azure.ResourceManager.ManagedServiceIdentities,1.2.0-alpha.20231106.1
azureresourcemanagermanagedservices,[tfm=netstandard2.0;isPrerelease=true]Azure.ResourceManager.ManagedServices,1.1.0-beta.1
azureresourcemanagermanagementpartner,[tfm=netstandard2.0;isPrerelease=true]Azure.ResourceManager.ManagementPartner,1.0.0-beta.3
azureresourcemanagermaps,[tfm=netstandard2.0;isPrerelease=true]Azure.ResourceManager.Maps,1.1.0-beta.2
azureresourcemanagermarketplace,[tfm=netstandard2.0;isPrerelease=true;customSource=https://pkgs.dev.azure.com/azure-sdk/public/_packaging/azure-sdk-for-net/nuget/v3/index.json]Azure.ResourceManager.Marketplace,1.2.0-alpha.20231106.1
azureresourcemanagermarketplaceordering,[tfm=netstandard2.0;isPrerelease=true]Azure.ResourceManager.MarketplaceOrdering,1.1.0-beta.1
azureresourcemanagermedia,[tfm=netstandard2.0;isPrerelease=true;customSource=https://pkgs.dev.azure.com/azure-sdk/public/_packaging/azure-sdk-for-net/nuget/v3/index.json]Azure.ResourceManager.Media,1.3.0-alpha.20231106.1
azureresourcemanagermigrate,[tfm=netstandard2.0;isPrerelease=true]Azure.ResourceManager.Migrate,1.0.0-beta.1
azureresourcemanagermixedreality,[tfm=netstandard2.0;isPrerelease=true;customSource=https://pkgs.dev.azure.com/azure-sdk/public/_packaging/azure-sdk-for-net/nuget/v3/index.json]Azure.ResourceManager.MixedReality,1.1.0-alpha.20231106.1
azureresourcemanagermonitor,[tfm=netstandard2.0;isPrerelease=true]Azure.ResourceManager.Monitor,1.3.0-beta.2
azureresourcemanagermysql,[tfm=netstandard2.0;isPrerelease=true]Azure.ResourceManager.MySql,1.1.0-beta.3
azureresourcemanagernetapp,[tfm=netstandard2.0;isPrerelease=true;customSource=https://pkgs.dev.azure.com/azure-sdk/public/_packaging/azure-sdk-for-net/nuget/v3/index.json]Azure.ResourceManager.NetApp,1.5.0-alpha.20231106.1
azureresourcemanagernetwork,[tfm=netstandard2.0;isPrerelease=true;customSource=https://pkgs.dev.azure.com/azure-sdk/public/_packaging/azure-sdk-for-net/nuget/v3/index.json]Azure.ResourceManager.Network,1.6.0-alpha.20231106.1
azureresourcemanagernetworkanalytics,[tfm=netstandard2.0;isPrerelease=true;customSource=https://pkgs.dev.azure.com/azure-sdk/public/_packaging/azure-sdk-for-net/nuget/v3/index.json]Azure.ResourceManager.NetworkAnalytics,1.0.0-alpha.20231106.1
azureresourcemanagernetworkcloud,[tfm=netstandard2.0;isPrerelease=true;customSource=https://pkgs.dev.azure.com/azure-sdk/public/_packaging/azure-sdk-for-net/nuget/v3/index.json]Azure.ResourceManager.NetworkCloud,1.1.0-alpha.20231106.1
azureresourcemanagernetworkfunction,[tfm=netstandard2.0;isPrerelease=true]Azure.ResourceManager.NetworkFunction,1.0.0-beta.3
azureresourcemanagernginx,[tfm=netstandard2.0;isPrerelease=true;customSource=https://pkgs.dev.azure.com/azure-sdk/public/_packaging/azure-sdk-for-net/nuget/v3/index.json]Azure.ResourceManager.Nginx,1.0.0-alpha.20231106.1
azureresourcemanagernotificationhubs,[tfm=netstandard2.0;isPrerelease=true]Azure.ResourceManager.NotificationHubs,1.1.0-beta.1
azureresourcemanageroperationalinsights,[tfm=netstandard2.0;isPrerelease=true]Azure.ResourceManager.OperationalInsights,1.2.0-beta.1
azureresourcemanagerorbital,[tfm=netstandard2.0;isPrerelease=true;customSource=https://pkgs.dev.azure.com/azure-sdk/public/_packaging/azure-sdk-for-net/nuget/v3/index.json]Azure.ResourceManager.Orbital,1.1.0-alpha.20231106.1
azureresourcemanagerpeering,[tfm=netstandard2.0;isPrerelease=true]Azure.ResourceManager.Peering,1.2.0-beta.1
azureresourcemanagerpolicyinsights,[tfm=netstandard2.0;isPrerelease=true;customSource=https://pkgs.dev.azure.com/azure-sdk/public/_packaging/azure-sdk-for-net/nuget/v3/index.json]Azure.ResourceManager.PolicyInsights,1.2.0-alpha.20231106.1
azureresourcemanagerpostgresql,[tfm=netstandard2.0;isPrerelease=true]Azure.ResourceManager.PostgreSql,1.2.0-beta.2
azureresourcemanagerpowerbidedicated,[tfm=netstandard2.0;isPrerelease=true;customSource=https://pkgs.dev.azure.com/azure-sdk/public/_packaging/azure-sdk-for-net/nuget/v3/index.json]Azure.ResourceManager.PowerBIDedicated,1.0.0-alpha.20231106.1
azureresourcemanagerprivatedns,[tfm=netstandard2.0;isPrerelease=true;customSource=https://pkgs.dev.azure.com/azure-sdk/public/_packaging/azure-sdk-for-net/nuget/v3/index.json]Azure.ResourceManager.PrivateDns,1.1.0-alpha.20231106.1
azureresourcemanagerproviderhub,[tfm=netstandard2.0;isPrerelease=true;customSource=https://pkgs.dev.azure.com/azure-sdk/public/_packaging/azure-sdk-for-net/nuget/v3/index.json]Azure.ResourceManager.ProviderHub,1.1.0-alpha.20231106.1
azureresourcemanagerpurview,[tfm=netstandard2.0;isPrerelease=true;customSource=https://pkgs.dev.azure.com/azure-sdk/public/_packaging/azure-sdk-for-net/nuget/v3/index.json]Azure.ResourceManager.Purview,1.1.0-alpha.20231106.1
azureresourcemanagerquantum,[tfm=netstandard2.0;isPrerelease=true;customSource=https://pkgs.dev.azure.com/azure-sdk/public/_packaging/azure-sdk-for-net/nuget/v3/index.json]Azure.ResourceManager.Quantum,1.0.0-alpha.20231106.1
azureresourcemanagerqumulo,[tfm=netstandard2.0;isPrerelease=true;customSource=https://pkgs.dev.azure.com/azure-sdk/public/_packaging/azure-sdk-for-net/nuget/v3/index.json]Azure.ResourceManager.Qumulo,1.1.0-alpha.20231106.1
azureresourcemanagerquota,[tfm=netstandard2.0;isPrerelease=true;customSource=https://pkgs.dev.azure.com/azure-sdk/public/_packaging/azure-sdk-for-net/nuget/v3/index.json]Azure.ResourceManager.Quota,1.1.0-alpha.20231106.1
azureresourcemanagerrecoveryservices,[tfm=netstandard2.0;isPrerelease=true;customSource=https://pkgs.dev.azure.com/azure-sdk/public/_packaging/azure-sdk-for-net/nuget/v3/index.json]Azure.ResourceManager.RecoveryServices,1.2.0-alpha.20231106.1
azureresourcemanagerrecoveryservicesbackup,[tfm=netstandard2.0;isPrerelease=true;customSource=https://pkgs.dev.azure.com/azure-sdk/public/_packaging/azure-sdk-for-net/nuget/v3/index.json]Azure.ResourceManager.RecoveryServicesBackup,1.2.0-alpha.20231106.1
azureresourcemanagerrecoveryservicesdatareplication,[tfm=netstandard2.0;isPrerelease=true]Azure.ResourceManager.RecoveryServicesDataReplication,1.0.0-beta.1
azureresourcemanagerrecoveryservicessiterecovery,[tfm=netstandard2.0;isPrerelease=true;customSource=https://pkgs.dev.azure.com/azure-sdk/public/_packaging/azure-sdk-for-net/nuget/v3/index.json]Azure.ResourceManager.RecoveryServicesSiteRecovery,1.2.0-alpha.20231106.1
azureresourcemanagerredis,[tfm=netstandard2.0;isPrerelease=true;customSource=https://pkgs.dev.azure.com/azure-sdk/public/_packaging/azure-sdk-for-net/nuget/v3/index.json]Azure.ResourceManager.Redis,1.3.0-alpha.20231106.1
azureresourcemanagerredisenterprise,[tfm=netstandard2.0;isPrerelease=true]Azure.ResourceManager.RedisEnterprise,1.1.0-beta.1
azureresourcemanagerredisenterprisecache,[tfm=netstandard2.0;isPrerelease=true]Azure.ResourceManager.RedisEnterpriseCache,1.0.0-beta.1
azureresourcemanagerrelay,[tfm=netstandard2.0;isPrerelease=true;customSource=https://pkgs.dev.azure.com/azure-sdk/public/_packaging/azure-sdk-for-net/nuget/v3/index.json]Azure.ResourceManager.Relay,1.2.0-alpha.20231106.1
azureresourcemanagerreservations,[tfm=netstandard2.0;isPrerelease=true;customSource=https://pkgs.dev.azure.com/azure-sdk/public/_packaging/azure-sdk-for-net/nuget/v3/index.json]Azure.ResourceManager.Reservations,1.4.0-alpha.20231106.1
azureresourcemanagerresourceconnector,[tfm=netstandard2.0;isPrerelease=true]Azure.ResourceManager.ResourceConnector,1.0.0-beta.1
azureresourcemanagerresourcegraph,[tfm=netstandard2.0;isPrerelease=true;customSource=https://pkgs.dev.azure.com/azure-sdk/public/_packaging/azure-sdk-for-net/nuget/v3/index.json]Azure.ResourceManager.ResourceGraph,1.1.0-alpha.20231106.1
azureresourcemanagerresourcehealth,[tfm=netstandard2.0;isPrerelease=true;customSource=https://pkgs.dev.azure.com/azure-sdk/public/_packaging/azure-sdk-for-net/nuget/v3/index.json]Azure.ResourceManager.ResourceHealth,1.1.0-alpha.20231106.1
azureresourcemanagerresourcemover,[tfm=netstandard2.0;isPrerelease=true;customSource=https://pkgs.dev.azure.com/azure-sdk/public/_packaging/azure-sdk-for-net/nuget/v3/index.json]Azure.ResourceManager.ResourceMover,1.2.0-alpha.20231106.1
azureresourcemanagerresources,[tfm=netstandard2.0;isPrerelease=true;customSource=https://pkgs.dev.azure.com/azure-sdk/public/_packaging/azure-sdk-for-net/nuget/v3/index.json]Azure.ResourceManager.Resources,1.7.0-alpha.20231106.1
azureresourcemanagersearch,[tfm=netstandard2.0;isPrerelease=true;customSource=https://pkgs.dev.azure.com/azure-sdk/public/_packaging/azure-sdk-for-net/nuget/v3/index.json]Azure.ResourceManager.Search,1.3.0-alpha.20231106.1
azureresourcemanagersecuritycenter,[tfm=netstandard2.0;isPrerelease=true]Azure.ResourceManager.SecurityCenter,1.2.0-beta.3
azureresourcemanagersecuritydevops,[tfm=netstandard2.0;isPrerelease=true;customSource=https://pkgs.dev.azure.com/azure-sdk/public/_packaging/azure-sdk-for-net/nuget/v3/index.json]Azure.ResourceManager.SecurityDevOps,1.0.0-alpha.20231106.1
azureresourcemanagersecurityinsights,[tfm=netstandard2.0;isPrerelease=true;customSource=https://pkgs.dev.azure.com/azure-sdk/public/_packaging/azure-sdk-for-net/nuget/v3/index.json]Azure.ResourceManager.SecurityInsights,1.1.0-alpha.20231106.1
azureresourcemanagerservicebus,[tfm=netstandard2.0;isPrerelease=true;customSource=https://pkgs.dev.azure.com/azure-sdk/public/_packaging/azure-sdk-for-net/nuget/v3/index.json]Azure.ResourceManager.ServiceBus,1.1.0-alpha.20231106.1
azureresourcemanagerservicefabric,[tfm=netstandard2.0;isPrerelease=true]Azure.ResourceManager.ServiceFabric,1.1.0-beta.1
azureresourcemanagerservicefabricmanagedclusters,[tfm=netstandard2.0;isPrerelease=true]Azure.ResourceManager.ServiceFabricManagedClusters,1.1.0-beta.2
azureresourcemanagerservicelinker,[tfm=netstandard2.0;isPrerelease=true;customSource=https://pkgs.dev.azure.com/azure-sdk/public/_packaging/azure-sdk-for-net/nuget/v3/index.json]Azure.ResourceManager.ServiceLinker,1.1.0-alpha.20231106.1
azureresourcemanagerservicenetworking,[tfm=netstandard2.0;isPrerelease=true]Azure.ResourceManager.ServiceNetworking,1.0.0-beta.2
azureresourcemanagersignalr,[tfm=netstandard2.0;isPrerelease=true;customSource=https://pkgs.dev.azure.com/azure-sdk/public/_packaging/azure-sdk-for-net/nuget/v3/index.json]Azure.ResourceManager.SignalR,1.1.0-alpha.20231106.1
azureresourcemanagersphere,[tfm=netstandard2.0;isPrerelease=true;customSource=https://pkgs.dev.azure.com/azure-sdk/public/_packaging/azure-sdk-for-net/nuget/v3/index.json]Azure.ResourceManager.Sphere,1.0.0-alpha.20231106.1
azureresourcemanagersql,[tfm=netstandard2.0;isPrerelease=true]Azure.ResourceManager.Sql,1.3.0-beta.3
azureresourcemanagersqlvirtualmachine,[tfm=netstandard2.0;isPrerelease=true]Azure.ResourceManager.SqlVirtualMachine,1.1.0-beta.1
azureresourcemanagerstorage,[tfm=netstandard2.0;isPrerelease=true]Azure.ResourceManager.Storage,1.2.0-beta.2
azureresourcemanagerstoragecache,[tfm=netstandard2.0;isPrerelease=true;customSource=https://pkgs.dev.azure.com/azure-sdk/public/_packaging/azure-sdk-for-net/nuget/v3/index.json]Azure.ResourceManager.StorageCache,1.2.0-alpha.20231106.1
azureresourcemanagerstoragemover,[tfm=netstandard2.0;isPrerelease=true;customSource=https://pkgs.dev.azure.com/azure-sdk/public/_packaging/azure-sdk-for-net/nuget/v3/index.json]Azure.ResourceManager.StorageMover,1.2.0-alpha.20231106.1
azureresourcemanagerstoragepool,[tfm=netstandard2.0;isPrerelease=true]Azure.ResourceManager.StoragePool,1.1.0-beta.1
azureresourcemanagerstoragesync,[tfm=netstandard2.0;isPrerelease=true;customSource=https://pkgs.dev.azure.com/azure-sdk/public/_packaging/azure-sdk-for-net/nuget/v3/index.json]Azure.ResourceManager.StorageSync,1.2.0-alpha.20231106.1
azureresourcemanagerstreamanalytics,[tfm=netstandard2.0;isPrerelease=true;customSource=https://pkgs.dev.azure.com/azure-sdk/public/_packaging/azure-sdk-for-net/nuget/v3/index.json]Azure.ResourceManager.StreamAnalytics,1.2.0-alpha.20231106.1
azureresourcemanagersubscription,[tfm=netstandard2.0;isPrerelease=true]Azure.ResourceManager.Subscription,1.1.0-beta.1
azureresourcemanagersupport,[tfm=netstandard2.0;isPrerelease=true]Azure.ResourceManager.Support,1.1.0-beta.2
azureresourcemanagersynapse,[tfm=netstandard2.0;isPrerelease=true;customSource=https://pkgs.dev.azure.com/azure-sdk/public/_packaging/azure-sdk-for-net/nuget/v3/index.json]Azure.ResourceManager.Synapse,1.2.0-alpha.20231106.1
azureresourcemanagertrafficmanager,[tfm=netstandard2.0;isPrerelease=true;customSource=https://pkgs.dev.azure.com/azure-sdk/public/_packaging/azure-sdk-for-net/nuget/v3/index.json]Azure.ResourceManager.TrafficManager,1.2.0-alpha.20231106.1
azureresourcemanagervoiceservices,[tfm=netstandard2.0;isPrerelease=true;customSource=https://pkgs.dev.azure.com/azure-sdk/public/_packaging/azure-sdk-for-net/nuget/v3/index.json]Azure.ResourceManager.VoiceServices,1.1.0-alpha.20231106.1
azureresourcemanagerwebpubsub,[tfm=netstandard2.0;isPrerelease=true]Azure.ResourceManager.WebPubSub,1.1.0-beta.1
azureresourcemanagerworkloadmonitor,[tfm=netstandard2.0;isPrerelease=true;customSource=https://pkgs.dev.azure.com/azure-sdk/public/_packaging/azure-sdk-for-net/nuget/v3/index.json]Azure.ResourceManager.WorkloadMonitor,1.0.0-alpha.20231106.1
azureresourcemanagerworkloads,[tfm=netstandard2.0;isPrerelease=true;customSource=https://pkgs.dev.azure.com/azure-sdk/public/_packaging/azure-sdk-for-net/nuget/v3/index.json]Azure.ResourceManager.Workloads,1.1.0-alpha.20231106.1
azuresearchdocuments,[tfm=netstandard2.0;isPrerelease=true;customSource=https://pkgs.dev.azure.com/azure-sdk/public/_packaging/azure-sdk-for-net/nuget/v3/index.json]Azure.Search.Documents,11.5.0-alpha.20231106.2
azuresecuritykeyvaultadministration,[tfm=netstandard2.0;isPrerelease=true;customSource=https://pkgs.dev.azure.com/azure-sdk/public/_packaging/azure-sdk-for-net/nuget/v3/index.json]Azure.Security.KeyVault.Administration,4.4.0-alpha.20231106.1
azuresecuritykeyvaultcertificates,[tfm=netstandard2.0;isPrerelease=true;customSource=https://pkgs.dev.azure.com/azure-sdk/public/_packaging/azure-sdk-for-net/nuget/v3/index.json]Azure.Security.KeyVault.Certificates,4.6.0-alpha.20231106.1
azuresecuritykeyvaultkeys,[tfm=netstandard2.0;isPrerelease=true;customSource=https://pkgs.dev.azure.com/azure-sdk/public/_packaging/azure-sdk-for-net/nuget/v3/index.json]Azure.Security.KeyVault.Keys,4.6.0-alpha.20231106.1
azuresecuritykeyvaultsecrets,[tfm=netstandard2.0;isPrerelease=true;customSource=https://pkgs.dev.azure.com/azure-sdk/public/_packaging/azure-sdk-for-net/nuget/v3/index.json]Azure.Security.KeyVault.Secrets,4.6.0-alpha.20231106.1
azurestorageblobs,[tfm=netstandard2.0;isPrerelease=true;customSource=https://pkgs.dev.azure.com/azure-sdk/public/_packaging/azure-sdk-for-net/nuget/v3/index.json]Azure.Storage.Blobs,12.19.0-alpha.20231106.3
azurestorageblobsbatch,[tfm=netstandard2.0;isPrerelease=true;customSource=https://pkgs.dev.azure.com/azure-sdk/public/_packaging/azure-sdk-for-net/nuget/v3/index.json]Azure.Storage.Blobs.Batch,12.16.0-alpha.20231106.3
azurestorageblobschangefeed,[tfm=netstandard2.0;isPrerelease=true;customSource=https://pkgs.dev.azure.com/azure-sdk/public/_packaging/azure-sdk-for-net/nuget/v3/index.json]Azure.Storage.Blobs.ChangeFeed,12.0.0-alpha.20231106.3
azurestoragecommon,[tfm=netstandard2.0;isPrerelease=true;customSource=https://pkgs.dev.azure.com/azure-sdk/public/_packaging/azure-sdk-for-net/nuget/v3/index.json]Azure.Storage.Common,12.18.0-alpha.20231106.3
azurestoragedatamovement,[tfm=netstandard2.0;isPrerelease=true;customSource=https://pkgs.dev.azure.com/azure-sdk/public/_packaging/azure-sdk-for-net/nuget/v3/index.json]Azure.Storage.DataMovement,12.0.0-alpha.20231106.3
azurestoragedatamovementblobs,[tfm=netstandard2.0;isPrerelease=true;customSource=https://pkgs.dev.azure.com/azure-sdk/public/_packaging/azure-sdk-for-net/nuget/v3/index.json]Azure.Storage.DataMovement.Blobs,12.0.0-alpha.20231106.3
azurestoragefilesdatalake,[tfm=netstandard2.0;isPrerelease=true;customSource=https://pkgs.dev.azure.com/azure-sdk/public/_packaging/azure-sdk-for-net/nuget/v3/index.json]Azure.Storage.Files.DataLake,12.17.0-alpha.20231106.3
azurestoragefilesshares,[tfm=netstandard2.0;isPrerelease=true;customSource=https://pkgs.dev.azure.com/azure-sdk/public/_packaging/azure-sdk-for-net/nuget/v3/index.json]Azure.Storage.Files.Shares,12.17.0-alpha.20231106.3
azurestoragequeues,[tfm=netstandard2.0;isPrerelease=true;customSource=https://pkgs.dev.azure.com/azure-sdk/public/_packaging/azure-sdk-for-net/nuget/v3/index.json]Azure.Storage.Queues,12.17.0-alpha.20231106.3
azuretemplate,[tfm=netstandard2.0;isPrerelease=true;customSource=https://pkgs.dev.azure.com/azure-sdk/public/_packaging/azure-sdk-for-net/nuget/v3/index.json]Azure.Template,1.0.3-alpha.20231106.1
azureverticalsagrifoodfarming,[tfm=netstandard2.0;isPrerelease=true]Azure.Verticals.AgriFood.Farming,1.0.0-beta.2
microsoftapplicationinsights,[tfm=netstandard2.0;isPrerelease=true]Microsoft.ApplicationInsights,2.22.0-beta2
microsoftazureapplicationinsights,[tfm=netstandard2.0;isPrerelease=true]Microsoft.Azure.ApplicationInsights,0.9.0-preview
microsoftazurebatch,[tfm=netstandard2.0;isPrerelease=true;customSource=https://pkgs.dev.azure.com/azure-sdk/public/_packaging/azure-sdk-for-net/nuget/v3/index.json]Microsoft.Azure.Batch,16.1.0-alpha.20231106.1
microsoftazurebatchconventionsfiles,[tfm=netstandard2.0;isPrerelease=true;customSource=https://pkgs.dev.azure.com/azure-sdk/public/_packaging/azure-sdk-for-net/nuget/v3/index.json]Microsoft.Azure.Batch.Conventions.Files,4.1.0-alpha.20231106.1
microsoftazurebatchfilestaging,[tfm=netstandard2.0;isPrerelease=true;customSource=https://pkgs.dev.azure.com/azure-sdk/public/_packaging/azure-sdk-for-net/nuget/v3/index.json]Microsoft.Azure.Batch.FileStaging,9.1.0-alpha.20231106.1
microsoftazurecognitiveservicesanomalydetector,[tfm=netstandard2.0;isPrerelease=true;customSource=https://pkgs.dev.azure.com/azure-sdk/public/_packaging/azure-sdk-for-net/nuget/v3/index.json]Microsoft.Azure.CognitiveServices.AnomalyDetector,1.1.0-alpha.20231106.1
microsoftazurecognitiveservicesknowledgeqnamaker,[tfm=netstandard2.0;isPrerelease=true;customSource=https://pkgs.dev.azure.com/azure-sdk/public/_packaging/azure-sdk-for-net/nuget/v3/index.json]Microsoft.Azure.CognitiveServices.Knowledge.QnAMaker,3.0.0-alpha.20231106.1
microsoftazurecognitiveserviceslanguageluisauthoring,[tfm=netstandard2.0;isPrerelease=true;customSource=https://pkgs.dev.azure.com/azure-sdk/public/_packaging/azure-sdk-for-net/nuget/v3/index.json]Microsoft.Azure.CognitiveServices.Language.LUIS.Authoring,3.2.0-alpha.20231106.1
microsoftazurecognitiveserviceslanguageluisruntime,[tfm=netstandard2.0;isPrerelease=true;customSource=https://pkgs.dev.azure.com/azure-sdk/public/_packaging/azure-sdk-for-net/nuget/v3/index.json]Microsoft.Azure.CognitiveServices.Language.LUIS.Runtime,3.1.0-alpha.20231106.1
microsoftazurecognitiveserviceslanguagespellcheck,[tfm=netstandard2.0;isPrerelease=true;customSource=https://pkgs.dev.azure.com/azure-sdk/public/_packaging/azure-sdk-for-net/nuget/v3/index.json]Microsoft.Azure.CognitiveServices.Language.SpellCheck,4.1.0-alpha.20231106.1
microsoftazurecognitiveserviceslanguagetextanalytics,[tfm=netstandard2.0;isPrerelease=true;customSource=https://pkgs.dev.azure.com/azure-sdk/public/_packaging/azure-sdk-for-net/nuget/v3/index.json]Microsoft.Azure.CognitiveServices.Language.TextAnalytics,4.1.0-alpha.20231106.1
microsoftazurecognitiveservicespersonalizer,[tfm=netstandard2.0;isPrerelease=true;customSource=https://pkgs.dev.azure.com/azure-sdk/public/_packaging/azure-sdk-for-net/nuget/v3/index.json]Microsoft.Azure.CognitiveServices.Personalizer,1.0.0-alpha.20231106.1
microsoftazurecognitiveservicessearchbingautosuggest,[tfm=netstandard2.0;isPrerelease=true;customSource=https://pkgs.dev.azure.com/azure-sdk/public/_packaging/azure-sdk-for-net/nuget/v3/index.json]Microsoft.Azure.CognitiveServices.Search.BingAutoSuggest,2.1.0-alpha.20231106.1
microsoftazurecognitiveservicessearchbingcustomimagesearch,[tfm=netstandard2.0;isPrerelease=true;customSource=https://pkgs.dev.azure.com/azure-sdk/public/_packaging/azure-sdk-for-net/nuget/v3/index.json]Microsoft.Azure.CognitiveServices.Search.BingCustomImageSearch,2.1.0-alpha.20231106.1
microsoftazurecognitiveservicessearchbingcustomsearch,[tfm=netstandard2.0;isPrerelease=true;customSource=https://pkgs.dev.azure.com/azure-sdk/public/_packaging/azure-sdk-for-net/nuget/v3/index.json]Microsoft.Azure.CognitiveServices.Search.BingCustomSearch,2.1.0-alpha.20231106.1
microsoftazurecognitiveservicessearchbingentitysearch,[tfm=netstandard2.0;isPrerelease=true;customSource=https://pkgs.dev.azure.com/azure-sdk/public/_packaging/azure-sdk-for-net/nuget/v3/index.json]Microsoft.Azure.CognitiveServices.Search.BingEntitySearch,2.1.0-alpha.20231106.1
microsoftazurecognitiveservicessearchbingimagesearch,[tfm=netstandard2.0;isPrerelease=true;customSource=https://pkgs.dev.azure.com/azure-sdk/public/_packaging/azure-sdk-for-net/nuget/v3/index.json]Microsoft.Azure.CognitiveServices.Search.BingImageSearch,2.1.0-alpha.20231106.1
microsoftazurecognitiveservicessearchbinglocalsearch,[tfm=netstandard2.0;isPrerelease=true;customSource=https://pkgs.dev.azure.com/azure-sdk/public/_packaging/azure-sdk-for-net/nuget/v3/index.json]Microsoft.Azure.CognitiveServices.Search.BingLocalSearch,1.0.0-alpha.20231106.1
microsoftazurecognitiveservicessearchbingnewssearch,[tfm=netstandard2.0;isPrerelease=true;customSource=https://pkgs.dev.azure.com/azure-sdk/public/_packaging/azure-sdk-for-net/nuget/v3/index.json]Microsoft.Azure.CognitiveServices.Search.BingNewsSearch,2.1.0-alpha.20231106.1
microsoftazurecognitiveservicessearchbingvideosearch,[tfm=netstandard2.0;isPrerelease=true;customSource=https://pkgs.dev.azure.com/azure-sdk/public/_packaging/azure-sdk-for-net/nuget/v3/index.json]Microsoft.Azure.CognitiveServices.Search.BingVideoSearch,2.1.0-alpha.20231106.1
microsoftazurecognitiveservicessearchbingvisualsearch,[tfm=netstandard2.0;isPrerelease=true;customSource=https://pkgs.dev.azure.com/azure-sdk/public/_packaging/azure-sdk-for-net/nuget/v3/index.json]Microsoft.Azure.CognitiveServices.Search.BingVisualSearch,2.1.0-alpha.20231106.1
microsoftazurecognitiveservicessearchbingwebsearch,[tfm=netstandard2.0;isPrerelease=true;customSource=https://pkgs.dev.azure.com/azure-sdk/public/_packaging/azure-sdk-for-net/nuget/v3/index.json]Microsoft.Azure.CognitiveServices.Search.BingWebSearch,2.1.0-alpha.20231106.1
microsoftazurecognitiveservicesvisioncomputervision,[tfm=netstandard2.0;isPrerelease=true;customSource=https://pkgs.dev.azure.com/azure-sdk/public/_packaging/azure-sdk-for-net/nuget/v3/index.json]Microsoft.Azure.CognitiveServices.Vision.ComputerVision,7.1.0-alpha.20231106.1
microsoftazurecognitiveservicesvisioncontentmoderator,[tfm=netstandard2.0;isPrerelease=true;customSource=https://pkgs.dev.azure.com/azure-sdk/public/_packaging/azure-sdk-for-net/nuget/v3/index.json]Microsoft.Azure.CognitiveServices.Vision.ContentModerator,2.1.0-alpha.20231106.1
microsoftazurecognitiveservicesvisioncustomvisionprediction,[tfm=netstandard2.0;isPrerelease=true;customSource=https://pkgs.dev.azure.com/azure-sdk/public/_packaging/azure-sdk-for-net/nuget/v3/index.json]Microsoft.Azure.CognitiveServices.Vision.CustomVision.Prediction,2.0.0-alpha.20231106.1
microsoftazurecognitiveservicesvisioncustomvisiontraining,[tfm=netstandard2.0;isPrerelease=true;customSource=https://pkgs.dev.azure.com/azure-sdk/public/_packaging/azure-sdk-for-net/nuget/v3/index.json]Microsoft.Azure.CognitiveServices.Vision.CustomVision.Training,2.1.0-alpha.20231106.1
microsoftazurecognitiveservicesvisionface,[tfm=netstandard2.0;isPrerelease=true;customSource=https://pkgs.dev.azure.com/azure-sdk/public/_packaging/azure-sdk-for-net/nuget/v3/index.json]Microsoft.Azure.CognitiveServices.Vision.Face,2.7.0-alpha.20231106.1
microsoftazurecorenewtonsoftjson,[tfm=netstandard2.0;isPrerelease=true;customSource=https://pkgs.dev.azure.com/azure-sdk/public/_packaging/azure-sdk-for-net/nuget/v3/index.json]Microsoft.Azure.Core.NewtonsoftJson,1.1.0-alpha.20231106.1
microsoftazurecorespatial,[tfm=netstandard2.0;isPrerelease=true;customSource=https://pkgs.dev.azure.com/azure-sdk/public/_packaging/azure-sdk-for-net/nuget/v3/index.json]Microsoft.Azure.Core.Spatial,1.2.0-alpha.20231106.1
microsoftazurecorespatialnewtonsoftjson,[tfm=netstandard2.0;isPrerelease=true;customSource=https://pkgs.dev.azure.com/azure-sdk/public/_packaging/azure-sdk-for-net/nuget/v3/index.json]Microsoft.Azure.Core.Spatial.NewtonsoftJson,1.1.0-alpha.20231106.1
microsoftazurecosmosdbbulkexecutor,[tfm=netstandard2.0;isPrerelease=true]Microsoft.Azure.CosmosDB.BulkExecutor,2.5.1-preview
microsoftazuredatalakestore,[tfm=netstandard2.0;isPrerelease=true]Microsoft.Azure.DataLake.Store,1.2.5-alpha
microsoftazuredevices,[tfm=netstandard2.0;isPrerelease=true]Microsoft.Azure.Devices,2.0.0-preview002
microsoftazuredevicesclient,[tfm=netstandard2.0;isPrerelease=true]Microsoft.Azure.Devices.Client,2.0.0-preview002
microsoftazuredevicesprovisioningclient,[tfm=netstandard2.0;isPrerelease=true]Microsoft.Azure.Devices.Provisioning.Client,2.0.0-preview002
microsoftazuredevicesprovisioningservice,[tfm=netstandard2.0;isPrerelease=true]Microsoft.Azure.Devices.Provisioning.Service,2.0.0-preview002
microsoftazureeventhubs,[tfm=netstandard2.0;isPrerelease=true;customSource=https://pkgs.dev.azure.com/azure-sdk/public/_packaging/azure-sdk-for-net/nuget/v3/index.json]Microsoft.Azure.EventHubs,4.4.0-alpha.20231106.1
microsoftazureeventhubsprocessor,[tfm=netstandard2.0;isPrerelease=true;customSource=https://pkgs.dev.azure.com/azure-sdk/public/_packaging/azure-sdk-for-net/nuget/v3/index.json]Microsoft.Azure.EventHubs.Processor,4.4.0-alpha.20231106.1
microsoftazureeventhubsservicefabricprocessor,[tfm=netstandard2.0;isPrerelease=true;customSource=https://pkgs.dev.azure.com/azure-sdk/public/_packaging/azure-sdk-for-net/nuget/v3/index.json]Microsoft.Azure.EventHubs.ServiceFabricProcessor,0.5.6-alpha.20231106.1
microsoftazurefunctionsworker,[tfm=netstandard2.0;isPrerelease=true]Microsoft.Azure.Functions.Worker,1.11.0-preview2
microsoftazurefunctionsworkerextensionswebpubsub,[tfm=netstandard2.0;isPrerelease=true]Microsoft.Azure.Functions.Worker.Extensions.WebPubSub,1.7.0-beta.1
microsoftazurehdinsightjob,[tfm=netstandard2.0;isPrerelease=true;customSource=https://pkgs.dev.azure.com/azure-sdk/public/_packaging/azure-sdk-for-net/nuget/v3/index.json]Microsoft.Azure.HDInsight.Job,3.0.0-alpha.20231106.1
microsoftazureiotdigitaltwinmodel,[tfm=netstandard2.0;isPrerelease=true]Microsoft.Azure.IoT.DigitalTwin.Model,1.0.12-preview
microsoftazuremanagementchaos,[tfm=netstandard2.0;isPrerelease=true]Microsoft.Azure.Management.Chaos,0.9.15-preview
microsoftazuremanagementdeviceupdate,[tfm=netstandard2.0;isPrerelease=true]Microsoft.Azure.Management.DeviceUpdate,1.0.0-beta.1
microsoftazuremanagementmaintenance,[tfm=netstandard2.0;isPrerelease=true]Microsoft.Azure.Management.Maintenance,1.5.0-preview
microsoftazuremanagementpurview,[tfm=netstandard2.0;isPrerelease=true]Microsoft.Azure.Management.Purview,1.0.1
microsoftazuremedialivevideoanalyticsedge,[tfm=netstandard2.0;isPrerelease=true]Microsoft.Azure.Media.LiveVideoAnalytics.Edge,1.0.4-preview.1
microsoftazuremessagingeventgridcloudnativecloudevents,[tfm=netstandard2.0;isPrerelease=true;customSource=https://pkgs.dev.azure.com/azure-sdk/public/_packaging/azure-sdk-for-net/nuget/v3/index.json]Microsoft.Azure.Messaging.EventGrid.CloudNativeCloudEvents,1.1.0-alpha.20231106.1
microsoftazurerelay,[tfm=netstandard2.0;isPrerelease=true]Microsoft.Azure.Relay,3.0.0-preview
microsoftazureservicebus,[tfm=netstandard2.0;isPrerelease=true;customSource=https://pkgs.dev.azure.com/azure-sdk/public/_packaging/azure-sdk-for-net/nuget/v3/index.json]Microsoft.Azure.ServiceBus,5.3.0-alpha.20231106.1
microsoftazuresynapse,[tfm=netstandard2.0;isPrerelease=true]Microsoft.Azure.Synapse,0.1.0-preview
microsoftazurewebjobsextensionsauthenticationevents,[tfm=netstandard2.0;isPrerelease=true;customSource=https://pkgs.dev.azure.com/azure-sdk/public/_packaging/azure-sdk-for-net/nuget/v3/index.json]Microsoft.Azure.WebJobs.Extensions.AuthenticationEvents,1.0.0-alpha.20231106.1
microsoftazurewebjobsextensionseventgrid,[tfm=netstandard2.0;isPrerelease=true;customSource=https://pkgs.dev.azure.com/azure-sdk/public/_packaging/azure-sdk-for-net/nuget/v3/index.json]Microsoft.Azure.WebJobs.Extensions.EventGrid,3.4.0-alpha.20231106.1
microsoftazurewebjobsextensionseventhubs,[tfm=netstandard2.0;isPrerelease=true;customSource=https://pkgs.dev.azure.com/azure-sdk/public/_packaging/azure-sdk-for-net/nuget/v3/index.json]Microsoft.Azure.WebJobs.Extensions.EventHubs,6.1.0-alpha.20231106.1
microsoftazurewebjobsextensionsservicebus,[tfm=netstandard2.0;isPrerelease=true;customSource=https://pkgs.dev.azure.com/azure-sdk/public/_packaging/azure-sdk-for-net/nuget/v3/index.json]Microsoft.Azure.WebJobs.Extensions.ServiceBus,5.14.0-alpha.20231106.1
microsoftazurewebjobsextensionsstorage,[tfm=netstandard2.0;isPrerelease=true;customSource=https://pkgs.dev.azure.com/azure-sdk/public/_packaging/azure-sdk-for-net/nuget/v3/index.json]Microsoft.Azure.WebJobs.Extensions.Storage,5.3.0-alpha.20231106.3
microsoftazurewebjobsextensionsstorageblobs,[tfm=netstandard2.0;isPrerelease=true;customSource=https://pkgs.dev.azure.com/azure-sdk/public/_packaging/azure-sdk-for-net/nuget/v3/index.json]Microsoft.Azure.WebJobs.Extensions.Storage.Blobs,5.3.0-alpha.20231106.3
microsoftazurewebjobsextensionsstoragequeues,[tfm=netstandard2.0;isPrerelease=true;customSource=https://pkgs.dev.azure.com/azure-sdk/public/_packaging/azure-sdk-for-net/nuget/v3/index.json]Microsoft.Azure.WebJobs.Extensions.Storage.Queues,5.3.0-alpha.20231106.3
microsoftazurewebjobsextensionstables,[tfm=netstandard2.0;isPrerelease=true;customSource=https://pkgs.dev.azure.com/azure-sdk/public/_packaging/azure-sdk-for-net/nuget/v3/index.json]Microsoft.Azure.WebJobs.Extensions.Tables,1.3.0-alpha.20231106.1
microsoftextensionsconfigurationazureappconfiguration,[tfm=netstandard2.0;isPrerelease=true]Microsoft.Extensions.Configuration.AzureAppConfiguration,5.3.0-preview
microsoftfeaturemanagement,[tfm=netstandard2.0;isPrerelease=true]Microsoft.FeatureManagement,3.0.0-preview
microsoftfeaturemanagementaspnetcore,[tfm=netstandard2.0;isPrerelease=true]Microsoft.FeatureManagement.AspNetCore,3.0.0-preview
systemmemorydata,[tfm=netstandard2.0;isPrerelease=true;customSource=https://pkgs.dev.azure.com/azure-sdk/public/_packaging/azure-sdk-for-net/nuget/v3/index.json]System.Memory.Data,1.1.0-alpha.20231106.1
